123,Bút Chì,1000.0,Việt Nam,Để Viết
124,Bút Mực,5000.0,Việt Nam,Để Viết
133,Sách,10000.0,Việt Nam,Để Đọc
123,Bút Chì,1000.0,Việt Nam,Để Viết
124,Bút Mực,5000.0,Việt Nam,Để Viết
133,Sách,10000.0,Việt Nam,Để Đọc
123,Bút Chì,1000.0,Việt Nam,Để Viết
124,Bút Mực,5000.0,Việt Nam,Để Viết
133,Sách,10000.0,Việt Nam,Để Đọc
123,Bút Chì,1000.0,Việt Nam,Để Viết
124,Bút Mực,5000.0,Việt Nam,Để Viết
133,Sách,10000.0,Việt Nam,Để Đọc
123,Bút Chì,1000.0,Việt Nam,Để Viết
124,Bút Mực,5000.0,Việt Nam,Để Viết
133,Sách,10000.0,Việt Nam,Để Đọc
1,1,1.0,1,1
123,Bút Chì,1000.0,Việt Nam,Để Viết
124,Bút Mực,5000.0,Việt Nam,Để Viết
133,Sách,10000.0,Việt Nam,Để Đọc
123,Bút Chì,1000.0,Việt Nam,Để Viết
124,Bút Mực,5000.0,Việt Nam,Để Viết
133,Sách,10000.0,Việt Nam,Để Đọc
123,Bút Chì,1000.0,Việt Nam,Để Viết
124,Bút Mực,5000.0,Việt Nam,Để Viết
133,Sách,10000.0,Việt Nam,Để Đọc
123,Bút Chì,1000.0,Việt Nam,Để Viết
124,Bút Mực,5000.0,Việt Nam,Để Viết
133,Sách,10000.0,Việt Nam,Để Đọc
123,Bút Chì,1000.0,Việt Nam,Để Viết
124,Bút Mực,5000.0,Việt Nam,Để Viết
133,Sách,10000.0,Việt Nam,Để Đọc
1,1,1.0,1,1
1,1,1.0,3,3
